,#,Bookseller,Notes,Price
0,1.,Maximum Discount 24/7via United States,"Hardcover, ISBN 9781887374200Publisher: Lark Books, 1997Hardcover. 143 pages. In Stock. Fulfillment by Amazon. Amazon Prime. Not a Prime member? Try Amazon Prime 30-Day Free Trial which includes Prime Video, Prime Music and Prime Reading.",$28.69
1,2.,Maximum Discount 24/7via United States,"Hardcover, ISBN 9781887374200Publisher: Lark Books, 1997Hardcover. 143 pages. In Stock. Fulfillment by Amazon.",$28.69
2,3.,LibraryMercantilevia United States,"Hardcover, ISBN 9781887374200Publisher: Brand: Lark Books, 1997",$34.13
3,4.,Newport Bookstorevia United States,"Hardcover, ISBN 9781887374200Publisher: Brand: Lark Books, 1997",$34.19
4,5.,Front Cover Booksvia United States,"Hardcover, ISBN 9781887374200Publisher: Brand: Lark Books, 1997",$35.05
5,6.,Hafa Adai Booksvia United States,"Hardcover, ISBN 9781887374200Publisher: Brand: Lark Books, 1997",$35.12
6,7.,GoldenWavesOfBooksvia United States,"Hardcover, ISBN 9781887374200Publisher: Brand: Lark Books, 1997",$35.15
7,8.,Byrd Booksvia United States,"Hardcover, ISBN 9781887374200Publisher: Lark Books, 1997new",$35.44
8,9.,Campbell Bookstorevia United States,"Hardcover, ISBN 9781887374200Publisher: Lark Books, 1997",$35.44
9,10.,Denver Deep Readsvia United States,"Hardcover, ISBN 9781887374200Publisher: Brand: Lark Books, 1997",$35.89
10,11.,GoldBooksvia United States,"Hardcover, ISBN 9781887374200Publisher: Brand: Lark Books, 1997",$36.78
11,12.,My Books Storevia United States,"Hardcover, ISBN 9781887374200Publisher: Lark Books, 1997Book is in NEW condition. Satisfaction Guaranteed! Fast Customer Service!!",$38.82
12,13.,Maximum Discount 24/7via United States,"Hardcover, ISBN 9781887374200Publisher: Lark Books, 1997Hardcover. In Stock. Fulfillment by Amazon.",$39.29
13,14.,SoCal Enchantedvia United States,"Hardcover, ISBN 9781887374200Publisher: Lark Books, 1997Hardcover. 143 pages. Usually ships within 6 to 10 days.",$39.30
14,15.,Ergodebooksvia United States,"Hardcover, ISBN 9781887374200Publisher: Lark Books, 1997New, Buy with confidence. Excellent Customer Service & Return policy. Ships Fast. 24*7 Customer Service.",$39.81
15,16.,Save With Samvia United States,"Hardcover, ISBN 9781887374200Publisher: Lark Books, 1997Brand New!",$51.19
16,17.,*House of Treasures*via United States,"Hardcover, ISBN 9781887374200Publisher: Lark Books, 1997Hardcover. In Stock.",$64.00
17,18.,GridFreedvia United States,"Hardcover, ISBN 9781887374200Publisher: Lark Books, 1997New. Hardcover. New.",$67.46
18,19.,gridfreedvia United States,"Hardcover, ISBN 9781887374200Publisher: Lark Books, 1997New, New.",$70.99
19,20.,BennettBooksLtdvia United States,"Hardcover, ISBN 9781887374200Publisher: Lark Books, 1997New.",$72.43
20,21.,Bennett Books Ltd Buques Rastreados y Aseguvia United States,"Hardcover, ISBN 9781887374200Publisher: Lark Books,U.S., 1997Tapa dura. 144 pages. Envío en 6 a 10 días.",$73.12
21,22.,Bennett Books Ltd Navi Rintracciate e Assicuvia United States,"Hardcover, ISBN 9781887374200Publisher: Lark Books, 1997Copertina rigida. 144 pages. Generalmente spedito entro 6-10 giorni.",$74.19
22,23.,GridFreed LLCvia United States,"Hardcover, ISBN 9781887374200Publisher: Lark Books, 1997Lark Books, 1997-06-30. Hardcover. New. New.",$76.68
23,24.,Bennett Books Ltd Verfolgt/Versichertvia United States,"Hardcover, ISBN 9781887374200Publisher: Lark Books,U.S., 1997Gebundene Ausgabe. 144 pages. Gewöhnlich versandfertig in 6 bis 10 Tagen.",$77.96
24,25.,Bennett Books Ltd Navires Suivis et Assurésvia United States,"Hardcover, ISBN 9781887374200Publisher: Lark Books,U.S., 1997Relié. 144 pages. Habituellement expédié sous 6 à 10 jours.",$80.63
25,26.,Things you Likevia United Kingdom,"Hardcover, ISBN 9781887374200Publisher: Lark Books,U.S., 1997Hardcover. Edition: First Printing. 144 pages. In stock.",$84.78
26,27.,Ultimate Treasures FRvia United States,"Hardcover, ISBN 9781887374200Publisher: Lark Books,U.S., 1997Relié. 144 pages. Habituellement expédié sous 2 à 3 jours.",$85.96
27,28.,Bennett Books Ltd Buques Rastreados y Aseguvia United States,"Hardcover, ISBN 9781887374200Publisher: Lark Books,U.S., 1997Tapa dura. 144 pages. Envío en 6 a 10 días.",$86.02
28,29.,Ultimate Treasures ITvia United States,"Hardcover, ISBN 9781887374200Publisher: Lark Books, 1997Copertina rigida. 144 pages. Generalmente spedito entro 4-5 giorni.",$87.04
29,30.,Ultimate Treasures ESvia United States,"Hardcover, ISBN 9781887374200Publisher: Lark Books,U.S., 1997Tapa dura. 144 pages. Envío en 4 a 5 días.",$87.04
30,31.,Bennett Books Ltd Navi Rintracciate e Assicuvia United States,"Hardcover, ISBN 9781887374200Publisher: Lark Books, 1997Copertina rigida. 144 pages. Generalmente spedito entro 6-10 giorni.",$87.10
31,32.,Ultimate Treasures DEvia United States,"Hardcover, ISBN 9781887374200Publisher: Lark Books,U.S., 1997Gebundene Ausgabe. 144 pages. Gewöhnlich versandfertig in 3 bis 4 Tagen.",$88.66
32,33.,Bennett Books Ltd Navires Suivis et Assurésvia United States,"Hardcover, ISBN 9781887374200Publisher: Lark Books,U.S., 1997Relié. 144 pages. Habituellement expédié sous 6 à 10 jours.",$93.54
33,34.,GP Home Furnishingsvia United States,"Hardcover, ISBN 9781887374200Publisher: Lark Books,U.S., 1997Hardcover. Edition: First Printing. 144 pages. In stock.",$100.08
34,35.,DZK BOOKS EUvia Argentina,"Hardcover, ISBN 9781887374200Publisher: Lark Books, 1997Copertina rigida. 144 pages. Disponibilità immediata.",$206.45
35,36.,Pieuler Storevia United Kingdom,"Hardcover, ISBN 9781887374200Publisher: Lark Books, 1997Book is in NEW condition. Satisfaction Guaranteed! Fast Customer Service!!",$211.18
36,( All matching new books shown ),( All matching new books shown ),( All matching new books shown ),( All matching new books shown )
